method,dataset_size,trial,build_seconds,present_seconds_per_query,absent_seconds_per_query,false_positives,false_negatives,failed_insertions
bloom_filter,10000,1,0.0233127,2.31E-06,1.51E-06,8,0,0
binary_search,10000,1,0.0205546,1.36E-06,1.50E-06,0,0,0
hash_table,10000,1,0.0544003,2.35E-06,2.86E-06,0,0,0
cuckoo_filter,10000,1,0.0122911,1.03E-06,1.24E-06,6,0,0
bloom_filter,100000,1,0.2344217,2.49E-06,1.52E-06,7,0,0
binary_search,100000,1,0.2534209,1.84E-06,1.92E-06,0,0,0
hash_table,100000,1,0.7208998,2.69E-06,2.56E-06,0,0,0
cuckoo_filter,100000,1,0.1340115,1.11E-06,1.30E-06,9,0,0
bloom_filter,1000000,1,2.5211371,2.40E-06,1.68E-06,11,0,0
binary_search,1000000,1,3.3522849,2.98E-06,4.71E-06,0,0,0
hash_table,1000000,1,6.9320498,4.04E-06,2.52E-06,0,0,0
cuckoo_filter,1000000,1,1.5532533,1.41E-06,2.64E-06,4,0,0
bloom_filter,10000000,1,26.6495616,2.55E-06,1.58E-06,11,0,0
binary_search,10000000,1,40.9764506,4.69E-06,4.54E-06,0,0,0
hash_table,10000000,1,60.2551558,2.58E-06,2.79E-06,0,0,0
cuckoo_filter,10000000,1,18.4143712,1.55E-06,2.13E-06,8,0,0
binary_search,10000,2,0.022589,1.31E-06,1.47E-06,0,0,0
cuckoo_filter,10000,2,0.0120899,1.12E-06,1.27E-06,0,0,0
bloom_filter,10000,2,0.0234325,2.29E-06,3.34E-06,8,0,0
hash_table,10000,2,0.0573083,2.36E-06,3.98E-06,0,0,0
binary_search,100000,2,0.2616985,3.65E-06,2.01E-06,0,0,0
cuckoo_filter,100000,2,0.1363766,1.16E-06,1.31E-06,6,0,0
bloom_filter,100000,2,0.2454747,3.58E-06,1.47E-06,11,0,0
hash_table,100000,2,0.7847313,4.11E-06,2.54E-06,0,0,0
binary_search,1000000,2,3.3820725,3.09E-06,3.59E-06,0,0,0
cuckoo_filter,1000000,2,1.6201132,1.45E-06,1.84E-06,3,0,0
bloom_filter,1000000,2,2.4946711,2.40E-06,1.49E-06,6,0,0
hash_table,1000000,2,6.837857,3.01E-06,2.78E-06,0,0,0
binary_search,10000000,2,41.6453369,5.00E-06,4.75E-06,0,0,0
cuckoo_filter,10000000,2,17.4922691,1.82E-06,2.04E-06,3,0,0
bloom_filter,10000000,2,26.9126903,3.73E-06,1.57E-06,8,0,0
hash_table,10000000,2,61.3600096,2.61E-06,2.81E-06,0,0,0
